Index,Source,Target,Weight,Is_directed
1,NEU003,NEU001,1,1
2,NEU005,NEU001,1,1
3,NEU011,NEU001,1,1
4,NEU001,NEU013,1,1
5,NEU001,NEU014,2,1
6,NEU044,NEU001,1,1
7,NEU001,NEU055,2,1
8,NEU001,NEU056,4,1
9,NEU001,NEU057,2,1
10,NEU001,NEU058,1,1
11,NEU001,NEU060,1,1
12,NEU001,NEU068,5,1
13,NEU073,NEU001,1,1
14,NEU001,NEU113,1,1
15,NEU158,NEU001,1,1
16,NEU162,NEU001,1,1
17,NEU001,NEU170,1,1
18,NEU001,NEU171,1,1
19,NEU001,NEU178,3,1
20,NEU001,NEU180,1,1
21,NEU198,NEU001,1,1
22,NEU001,NEU226,2,1
23,NEU004,NEU002,1,1
24,NEU006,NEU002,1,1
25,NEU012,NEU002,1,1
26,NEU002,NEU013,1,1
27,NEU002,NEU014,1,1
28,NEU045,NEU002,2,1
29,NEU002,NEU054,1,1
30,NEU002,NEU056,1,1
31,NEU002,NEU057,5,1
32,NEU002,NEU060,1,1
33,NEU002,NEU067,1,1
34,NEU002,NEU170,1,1
35,NEU170,NEU002,1,1
36,NEU171,NEU002,1,1
37,NEU002,NEU179,5,1
38,NEU179,NEU002,1,1
39,NEU002,NEU181,1,1
40,NEU002,NEU185,1,1
41,NEU199,NEU002,1,1
42,NEU002,NEU225,2,1
43,NEU232,NEU002,1,1
44,NEU003,NEU004,1,1
45,NEU004,NEU003,2,1
46,NEU023,NEU003,1,1
47,NEU003,NEU054,2,1
48,NEU003,NEU055,3,1
49,NEU003,NEU060,1,1
50,NEU003,NEU071,1,1
51,NEU003,NEU081,1,1
52,NEU081,NEU003,3,1
53,NEU003,NEU083,1,1
54,NEU003,NEU112,1,1
55,NEU112,NEU003,2,1
56,NEU003,NEU118,1,1
57,NEU003,NEU124,1,1
58,NEU124,NEU003,2,1
59,NEU003,NEU130,1,1
60,NEU003,NEU166,1,1
61,NEU003,NEU173,1,1
62,NEU003,NEU175,2,1
63,NEU003,NEU176,3,1
64,NEU003,NEU177,2,1
65,NEU003,NEU184,1,1
66,NEU003,NEU185,1,1
67,NEU003,NEU188,2,1
68,NEU003,NEU198,1,1
69,NEU003,NEU200,1,1
70,NEU003,NEU212,1,1
71,NEU003,NEU216,1,1
72,NEU003,NEU220,1,1
73,NEU003,NEU231,1,1
74,NEU004,NEU023,1,1
75,NEU027,NEU004,1,1
76,NEU004,NEU054,1,1
77,NEU004,NEU055,1,1
78,NEU055,NEU004,1,1
79,NEU004,NEU059,2,1
80,NEU004,NEU061,1,1
81,NEU004,NEU068,1,1
82,NEU004,NEU069,1,1
83,NEU004,NEU070,1,1
84,NEU072,NEU004,1,1
85,NEU082,NEU004,1,1
86,NEU004,NEU084,1,1
87,NEU004,NEU112,1,1
88,NEU112,NEU004,2,1
89,NEU004,NEU113,1,1
90,NEU113,NEU004,1,1
91,NEU125,NEU004,1,1
92,NEU004,NEU131,2,1
93,NEU004,NEU162,1,1
94,NEU004,NEU175,4,1
95,NEU004,NEU176,4,1
96,NEU004,NEU177,1,1
97,NEU004,NEU189,2,1
98,NEU004,NEU205,1,1
99,NEU005,NEU021,5,1
100,NEU044,NEU005,3,1
101,NEU005,NEU052,1,1
102,NEU075,NEU005,1,1
103,NEU005,NEU134,1,1
104,NEU005,NEU166,3,1
105,NEU005,NEU175,1,1
106,NEU005,NEU182,2,1
107,NEU005,NEU221,2,1
108,NEU006,NEU020,1,1
109,NEU020,NEU006,1,1
110,NEU006,NEU022,3,1
111,NEU040,NEU006,1,1
112,NEU006,NEU045,1,1
113,NEU045,NEU006,2,1
114,NEU006,NEU053,4,1
115,NEU065,NEU006,3,1
116,NEU074,NEU006,3,1
117,NEU006,NEU076,1,1
118,NEU076,NEU006,1,1
119,NEU006,NEU159,1,1
120,NEU159,NEU006,1,1
121,NEU006,NEU167,1,1
122,NEU006,NEU176,1,1
123,NEU177,NEU006,1,1
124,NEU006,NEU182,3,1
125,NEU006,NEU220,1,1
126,NEU006,NEU222,2,1
127,NEU006,NEU234,1,1
128,NEU007,NEU011,2,1
129,NEU007,NEU013,2,1
130,NEU007,NEU014,1,1
131,NEU007,NEU023,2,1
132,NEU007,NEU041,1,1
133,NEU007,NEU044,2,1
134,NEU007,NEU054,2,1
135,NEU007,NEU055,3,1
136,NEU007,NEU056,2,1
137,NEU007,NEU058,1,1
138,NEU007,NEU059,4,1
139,NEU066,NEU007,1,1
140,NEU007,NEU067,1,1
141,NEU007,NEU068,3,1
142,NEU007,NEU075,2,1
143,NEU085,NEU007,1,1
144,NEU007,NEU134,1,1
145,NEU007,NEU180,1,1
146,NEU210,NEU007,1,1
147,NEU008,NEU012,2,1
148,NEU012,NEU008,2,1
149,NEU008,NEU014,10,1
150,NEU008,NEU041,1,1
151,NEU008,NEU045,1,1
152,NEU008,NEU055,2,1
153,NEU008,NEU056,1,1
154,NEU008,NEU057,2,1
155,NEU008,NEU058,1,1
156,NEU008,NEU059,2,1
157,NEU066,NEU008,2,1
158,NEU008,NEU068,1,1
159,NEU008,NEU078,3,1
160,NEU008,NEU131,1,1
161,NEU008,NEU151,1,1
162,NEU008,NEU170,1,1
163,NEU008,NEU171,1,1
164,NEU009,NEU018,1,1
165,NEU018,NEU009,3,1
166,NEU009,NEU019,7,1
167,NEU041,NEU009,1,1
168,NEU073,NEU009,1,1
169,NEU017,NEU010,2,1
170,NEU018,NEU010,1,1
171,NEU010,NEU020,12,1
172,NEU010,NEU041,1,1
173,NEU041,NEU010,2,1
174,NEU074,NEU010,1,1
175,NEU182,NEU010,1,1
176,NEU011,NEU013,3,1
177,NEU011,NEU015,2,1
178,NEU015,NEU011,1,1
179,NEU018,NEU011,2,1
180,NEU011,NEU021,1,1
181,NEU021,NEU011,3,1
182,NEU040,NEU011,3,1
183,NEU011,NEU041,1,1
184,NEU041,NEU011,1,1
185,NEU011,NEU042,1,1
186,NEU042,NEU011,6,1
187,NEU011,NEU044,1,1
188,NEU044,NEU011,5,1
189,NEU047,NEU011,1,1
190,NEU011,NEU050,2,1
191,NEU050,NEU011,7,1
192,NEU077,NEU011,2,1
193,NEU011,NEU078,1,1
194,NEU011,NEU114,1,1
195,NEU114,NEU011,1,1
196,NEU160,NEU011,3,1
197,NEU011,NEU173,1,1
198,NEU011,NEU198,1,1
199,NEU012,NEU014,6,1
200,NEU016,NEU012,5,1
201,NEU012,NEU022,1,1
202,NEU022,NEU012,1,1
203,NEU012,NEU041,1,1
204,NEU041,NEU012,1,1
205,NEU012,NEU043,1,1
206,NEU043,NEU012,8,1
207,NEU045,NEU012,6,1
208,NEU047,NEU012,1,1
209,NEU051,NEU012,8,1
210,NEU012,NEU074,1,1
211,NEU012,NEU077,1,1
212,NEU077,NEU012,3,1
213,NEU012,NEU078,1,1
214,NEU078,NEU012,1,1
215,NEU161,NEU012,3,1
216,NEU012,NEU174,2,1
217,NEU018,NEU013,2,1
218,NEU013,NEU019,1,1
219,NEU021,NEU013,2,1
220,NEU022,NEU013,1,1
221,NEU040,NEU013,1,1
222,NEU013,NEU041,1,1
223,NEU041,NEU013,2,1
224,NEU042,NEU013,3,1
225,NEU044,NEU013,2,1
226,NEU046,NEU013,1,1
227,NEU050,NEU013,2,1
228,NEU013,NEU054,2,1
229,NEU013,NEU056,1,1
230,NEU077,NEU013,1,1
231,NEU079,NEU013,1,1
232,NEU111,NEU013,1,1
233,NEU013,NEU112,1,1
234,NEU112,NEU013,1,1
235,NEU115,NEU013,1,1
236,NEU163,NEU013,2,1
237,NEU013,NEU169,1,1
238,NEU169,NEU013,1,1
239,NEU013,NEU173,1,1
240,NEU013,NEU176,1,1
241,NEU013,NEU178,2,1
242,NEU013,NEU179,1,1
243,NEU179,NEU013,4,1
244,NEU013,NEU202,2,1
245,NEU202,NEU013,1,1
246,NEU013,NEU203,2,1
247,NEU204,NEU013,1,1
248,NEU210,NEU013,2,1
249,NEU013,NEU224,4,1
250,NEU021,NEU014,2,1
251,NEU022,NEU014,1,1
252,NEU040,NEU014,2,1
253,NEU041,NEU014,1,1
254,NEU043,NEU014,2,1
255,NEU045,NEU014,1,1
256,NEU047,NEU014,1,1
257,NEU014,NEU055,1,1
258,NEU014,NEU057,3,1
259,NEU014,NEU060,1,1
260,NEU075,NEU014,1,1
261,NEU077,NEU014,1,1
262,NEU078,NEU014,4,1
263,NEU111,NEU014,3,1
264,NEU112,NEU014,2,1
265,NEU113,NEU014,1,1
266,NEU115,NEU014,1,1
267,NEU163,NEU014,4,1
268,NEU014,NEU166,1,1
269,NEU014,NEU168,4,1
270,NEU168,NEU014,2,1
271,NEU014,NEU178,4,1
272,NEU014,NEU179,1,1
273,NEU198,NEU014,1,1
274,NEU014,NEU202,1,1
275,NEU203,NEU014,1,1
276,NEU209,NEU014,1,1
277,NEU014,NEU223,1,1
278,NEU014,NEU225,1,1
279,NEU014,NEU251,3,1
280,NEU251,NEU014,1,1
281,NEU015,NEU024,1,1
282,NEU015,NEU042,2,1
283,NEU015,NEU050,2,1
284,NEU050,NEU015,2,1
285,NEU015,NEU057,2,1
286,NEU015,NEU058,1,1
287,NEU015,NEU059,1,1
288,NEU015,NEU061,1,1
289,NEU015,NEU062,1,1
290,NEU015,NEU063,1,1
291,NEU015,NEU065,2,1
292,NEU015,NEU066,1,1
293,NEU015,NEU067,1,1
294,NEU015,NEU160,1,1
295,NEU015,NEU173,1,1
296,NEU015,NEU221,1,1
297,NEU016,NEU043,2,1
298,NEU016,NEU049,2,1
299,NEU016,NEU051,3,1
300,NEU051,NEU016,1,1
301,NEU016,NEU059,1,1
302,NEU016,NEU062,1,1
303,NEU016,NEU063,1,1
304,NEU016,NEU114,1,1
305,NEU016,NEU115,2,1
306,NEU016,NEU133,1,1
307,NEU016,NEU157,1,1
308,NEU016,NEU174,1,1
309,NEU016,NEU199,1,1
310,NEU199,NEU016,1,1
311,NEU017,NEU040,1,1
312,NEU017,NEU043,1,1
313,NEU017,NEU053,1,1
314,NEU017,NEU079,3,1
315,NEU017,NEU168,1,1
316,NEU017,NEU169,2,1
317,NEU018,NEU040,1,1
318,NEU018,NEU041,1,1
319,NEU042,NEU018,1,1
320,NEU018,NEU053,1,1
321,NEU018,NEU080,3,1
322,NEU018,NEU168,2,1
323,NEU018,NEU172,1,1
324,NEU019,NEU021,3,1
325,NEU040,NEU019,8,1
326,NEU041,NEU019,2,1
327,NEU046,NEU019,2,1
328,NEU019,NEU073,3,1
329,NEU073,NEU019,1,1
330,NEU019,NEU077,1,1
331,NEU077,NEU019,7,1
332,NEU019,NEU078,1,1
333,NEU078,NEU019,1,1
334,NEU080,NEU019,1,1
335,NEU019,NEU115,1,1
336,NEU019,NEU166,1,1
337,NEU019,NEU168,4,1
338,NEU020,NEU022,8,1
339,NEU040,NEU020,5,1
340,NEU041,NEU020,4,1
341,NEU043,NEU020,1,1
342,NEU053,NEU020,1,1
343,NEU020,NEU074,1,1
344,NEU074,NEU020,2,1
345,NEU078,NEU020,3,1
346,NEU020,NEU114,1,1
347,NEU020,NEU167,6,1
348,NEU020,NEU169,2,1
349,NEU021,NEU040,1,1
350,NEU046,NEU021,1,1
351,NEU021,NEU061,5,1
352,NEU073,NEU021,3,1
353,NEU075,NEU021,3,1
354,NEU021,NEU109,1,1
355,NEU109,NEU021,3,1
356,NEU114,NEU021,2,1
357,NEU115,NEU021,1,1
358,NEU021,NEU166,3,1
359,NEU021,NEU175,1,1
360,NEU177,NEU021,4,1
361,NEU021,NEU178,4,1
362,NEU182,NEU021,3,1
363,NEU021,NEU219,1,1
364,NEU021,NEU221,7,1
365,NEU021,NEU252,1,1
366,NEU022,NEU060,4,1
367,NEU022,NEU061,1,1
368,NEU074,NEU022,2,1
369,NEU076,NEU022,1,1
370,NEU022,NEU109,1,1
371,NEU114,NEU022,1,1
372,NEU115,NEU022,1,1
373,NEU022,NEU167,4,1
374,NEU169,NEU022,1,1
375,NEU175,NEU022,1,1
376,NEU177,NEU022,4,1
377,NEU022,NEU179,1,1
378,NEU182,NEU022,4,1
379,NEU022,NEU220,5,1
380,NEU022,NEU222,3,1
381,NEU022,NEU224,1,1
382,NEU023,NEU054,1,1
383,NEU023,NEU060,2,1
384,NEU023,NEU061,1,1
385,NEU023,NEU189,1,1
386,NEU024,NEU059,1,1
387,NEU024,NEU060,1,1
388,NEU024,NEU081,5,1
389,NEU024,NEU083,3,1
390,NEU024,NEU085,2,1
391,NEU024,NEU151,2,1
392,NEU024,NEU152,1,1
393,NEU173,NEU024,2,1
394,NEU024,NEU187,1,1
395,NEU024,NEU198,1,1
396,NEU198,NEU024,1,1
397,NEU024,NEU209,1,1
398,NEU209,NEU024,1,1
399,NEU025,NEU082,5,1
400,NEU082,NEU025,1,1
401,NEU025,NEU084,1,1
402,NEU025,NEU086,1,1
403,NEU025,NEU152,3,1
404,NEU025,NEU186,1,1
405,NEU025,NEU211,1,1
406,NEU175,NEU026,1,1
407,NEU198,NEU026,1,1
408,NEU026,NEU204,3,1
409,NEU204,NEU026,1,1
410,NEU026,NEU220,2,1
411,NEU026,NEU225,1,1
412,NEU176,NEU027,1,1
413,NEU199,NEU027,1,1
414,NEU027,NEU201,1,1
415,NEU027,NEU205,2,1
416,NEU027,NEU219,2,1
417,NEU027,NEU224,1,1
418,NEU027,NEU225,1,1
419,NEU028,NEU054,1,1
420,NEU028,NEU055,1,1
421,NEU028,NEU056,1,1
422,NEU028,NEU057,4,1
423,NEU028,NEU058,1,1
424,NEU028,NEU059,1,1
425,NEU066,NEU028,2,1
426,NEU028,NEU067,1,1
427,NEU028,NEU079,2,1
428,NEU028,NEU080,2,1
429,NEU109,NEU028,1,1
430,NEU028,NEU152,2,1
431,NEU152,NEU028,1,1
432,NEU028,NEU158,1,1
433,NEU158,NEU028,1,1
434,NEU159,NEU028,2,1
435,NEU028,NEU166,1,1
436,NEU028,NEU167,1,1
437,NEU028,NEU233,1,1
438,NEU055,NEU029,1,1
439,NEU057,NEU029,1,1
440,NEU058,NEU029,1,1
441,NEU060,NEU029,1,1
442,NEU061,NEU029,1,1
443,NEU029,NEU087,2,1
444,NEU096,NEU029,1,1
445,NEU151,NEU029,1,1
446,NEU029,NEU267,1,1
447,NEU054,NEU030,1,1
448,NEU055,NEU030,2,1
449,NEU061,NEU030,2,1
450,NEU030,NEU096,1,1
451,NEU096,NEU030,1,1
452,NEU030,NEU103,1,1
453,NEU152,NEU030,1,1
454,NEU172,NEU030,1,1
455,NEU030,NEU268,4,1
456,NEU054,NEU031,1,1
457,NEU055,NEU031,1,1
458,NEU056,NEU031,1,1
459,NEU057,NEU031,1,1
460,NEU061,NEU031,1,1
461,NEU031,NEU089,1,1
462,NEU096,NEU031,1,1
463,NEU031,NEU103,1,1
464,NEU031,NEU268,1,1
465,NEU031,NEU269,1,1
466,NEU032,NEU033,1,1
467,NEU054,NEU032,1,1
468,NEU055,NEU032,1,1
469,NEU056,NEU032,1,1
470,NEU057,NEU032,1,1
471,NEU058,NEU032,1,1
472,NEU089,NEU032,1,1
473,NEU098,NEU032,1,1
474,NEU032,NEU270,3,1
475,NEU054,NEU033,3,1
476,NEU055,NEU033,1,1
477,NEU056,NEU033,1,1
478,NEU057,NEU033,1,1
479,NEU058,NEU033,1,1
480,NEU059,NEU033,1,1
481,NEU098,NEU033,1,1
482,NEU033,NEU104,1,1
483,NEU115,NEU033,1,1
484,NEU033,NEU271,3,1
485,NEU055,NEU034,2,1
486,NEU056,NEU034,1,1
487,NEU057,NEU034,1,1
488,NEU147,NEU034,1,1
489,NEU162,NEU034,1,1
490,NEU034,NEU272,3,1
491,NEU054,NEU035,8,1
492,NEU055,NEU035,3,1
493,NEU057,NEU035,1,1
494,NEU054,NEU036,5,1
495,NEU055,NEU036,6,1
496,NEU054,NEU037,8,1
497,NEU037,NEU055,1,1
498,NEU055,NEU037,5,1
499,NEU056,NEU037,1,1
500,NEU054,NEU038,2,1
501,NEU055,NEU038,1,1
502,NEU056,NEU038,1,1
503,NEU057,NEU038,1,1
504,NEU058,NEU038,1,1
505,NEU059,NEU038,1,1
506,NEU054,NEU039,4,1
507,NEU055,NEU039,6,1
508,NEU058,NEU039,2,1
509,NEU039,NEU136,1,1
510,NEU136,NEU039,1,1
511,NEU039,NEU137,1,1
512,NEU250,NEU039,2,1
513,NEU039,NEU279,2,1
514,NEU047,NEU040,2,1
515,NEU073,NEU040,4,1
516,NEU074,NEU040,1,1
517,NEU040,NEU077,4,1
518,NEU077,NEU040,1,1
519,NEU040,NEU078,1,1
520,NEU078,NEU040,1,1
521,NEU040,NEU167,1,1
522,NEU046,NEU041,1,1
523,NEU041,NEU074,1,1
524,NEU074,NEU041,2,1
525,NEU041,NEU077,1,1
526,NEU041,NEU078,1,1
527,NEU161,NEU041,1,1
528,NEU042,NEU050,1,1
529,NEU073,NEU042,1,1
530,NEU076,NEU043,1,1
531,NEU078,NEU043,1,1
532,NEU086,NEU043,1,1
533,NEU044,NEU050,1,1
534,NEU044,NEU054,2,1
535,NEU044,NEU056,6,1
536,NEU044,NEU058,2,1
537,NEU044,NEU059,2,1
538,NEU114,NEU044,1,1
539,NEU115,NEU044,2,1
540,NEU044,NEU166,4,1
541,NEU044,NEU178,1,1
542,NEU044,NEU180,1,1
543,NEU198,NEU044,1,1
544,NEU233,NEU044,1,1
545,NEU047,NEU045,1,1
546,NEU045,NEU055,1,1
547,NEU045,NEU057,3,1
548,NEU045,NEU058,1,1
549,NEU045,NEU059,1,1
550,NEU045,NEU061,3,1
551,NEU076,NEU045,2,1
552,NEU114,NEU045,2,1
553,NEU045,NEU115,1,1
554,NEU045,NEU159,1,1
555,NEU159,NEU045,1,1
556,NEU045,NEU167,2,1
557,NEU174,NEU045,2,1
558,NEU045,NEU199,2,1
559,NEU199,NEU045,1,1
560,NEU046,NEU050,2,1
561,NEU046,NEU077,1,1
562,NEU046,NEU078,1,1
563,NEU046,NEU168,1,1
564,NEU047,NEU077,1,1
565,NEU047,NEU078,1,1
566,NEU048,NEU050,4,1
567,NEU063,NEU048,1,1
568,NEU048,NEU114,1,1
569,NEU048,NEU115,1,1
570,NEU048,NEU160,8,1
571,NEU160,NEU048,1,1
572,NEU049,NEU051,1,1
573,NEU114,NEU049,1,1
574,NEU049,NEU115,1,1
575,NEU049,NEU161,9,1
576,NEU063,NEU050,1,1
577,NEU114,NEU050,1,1
578,NEU160,NEU050,4,1
579,NEU051,NEU074,1,1
580,NEU051,NEU086,1,1
581,NEU161,NEU051,4,1
582,NEU051,NEU174,1,1
583,NEU052,NEU054,1,1
584,NEU052,NEU059,1,1
585,NEU052,NEU060,3,1
586,NEU109,NEU052,1,1
587,NEU122,NEU052,1,1
588,NEU052,NEU166,5,1
589,NEU052,NEU168,2,1
590,NEU168,NEU052,1,1
591,NEU182,NEU052,1,1
592,NEU233,NEU052,1,1
593,NEU053,NEU055,1,1
594,NEU053,NEU061,1,1
595,NEU074,NEU053,1,1
596,NEU109,NEU053,1,1
597,NEU053,NEU167,1,1
598,NEU053,NEU169,4,1
599,NEU177,NEU053,1,1
600,NEU053,NEU234,1,1
601,NEU234,NEU053,1,1
602,NEU054,NEU055,2,1
603,NEU055,NEU054,1,1
604,NEU056,NEU054,6,1
605,NEU054,NEU057,1,1
606,NEU057,NEU054,5,1
607,NEU054,NEU058,1,1
608,NEU058,NEU054,1,1
609,NEU059,NEU054,3,1
610,NEU060,NEU054,2,1
611,NEU061,NEU054,2,1
612,NEU054,NEU065,1,1
613,NEU068,NEU054,1,1
614,NEU077,NEU054,1,1
615,NEU080,NEU054,1,1
616,NEU082,NEU054,3,1
617,NEU054,NEU087,1,1
618,NEU054,NEU088,1,1
619,NEU054,NEU089,1,1
620,NEU054,NEU090,1,1
621,NEU054,NEU091,2,1
622,NEU054,NEU092,11,1
623,NEU054,NEU093,2,1
624,NEU054,NEU094,4,1
625,NEU054,NEU095,2,1
626,NEU054,NEU100,1,1
627,NEU054,NEU101,1,1
628,NEU109,NEU054,3,1
629,NEU111,NEU054,5,1
630,NEU112,NEU054,4,1
631,NEU113,NEU054,2,1
632,NEU054,NEU128,1,1
633,NEU128,NEU054,5,1
634,NEU129,NEU054,3,1
635,NEU142,NEU054,9,1
636,NEU143,NEU054,7,1
637,NEU144,NEU054,1,1
638,NEU147,NEU054,1,1
639,NEU150,NEU054,3,1
640,NEU054,NEU151,3,1
641,NEU151,NEU054,1,1
642,NEU054,NEU152,2,1
643,NEU152,NEU054,2,1
644,NEU153,NEU054,6,1
645,NEU154,NEU054,6,1
646,NEU156,NEU054,2,1
647,NEU157,NEU054,2,1
648,NEU158,NEU054,1,1
649,NEU159,NEU054,1,1
650,NEU168,NEU054,1,1
651,NEU170,NEU054,5,1
652,NEU171,NEU054,5,1
653,NEU178,NEU054,1,1
654,NEU179,NEU054,2,1
655,NEU198,NEU054,1,1
656,NEU202,NEU054,6,1
657,NEU204,NEU054,1,1
658,NEU209,NEU054,1,1
659,NEU210,NEU054,2,1
660,NEU220,NEU054,1,1
661,NEU238,NEU054,1,1
662,NEU054,NEU240,1,1
663,NEU240,NEU054,1,1
664,NEU054,NEU241,2,1
665,NEU054,NEU242,2,1
666,NEU054,NEU243,3,1
667,NEU054,NEU244,4,1
668,NEU054,NEU246,6,1
669,NEU054,NEU247,7,1
670,NEU054,NEU248,5,1
671,NEU054,NEU249,6,1
672,NEU054,NEU250,2,1
673,NEU272,NEU054,1,1
674,NEU055,NEU056,1,1
675,NEU056,NEU055,5,1
676,NEU057,NEU055,5,1
677,NEU055,NEU058,1,1
678,NEU058,NEU055,2,1
679,NEU055,NEU059,2,1
680,NEU059,NEU055,1,1
681,NEU055,NEU060,2,1
682,NEU060,NEU055,4,1
683,NEU055,NEU061,2,1
684,NEU061,NEU055,16,1
685,NEU064,NEU055,1,1
686,NEU067,NEU055,1,1
687,NEU068,NEU055,1,1
688,NEU079,NEU055,1,1
689,NEU055,NEU087,1,1
690,NEU055,NEU088,2,1
691,NEU055,NEU089,1,1
692,NEU055,NEU090,2,1
693,NEU055,NEU091,2,1
694,NEU055,NEU092,2,1
695,NEU055,NEU093,3,1
696,NEU055,NEU094,1,1
697,NEU055,NEU095,2,1
698,NEU055,NEU098,1,1
699,NEU055,NEU100,1,1
700,NEU055,NEU101,2,1
701,NEU109,NEU055,1,1
702,NEU111,NEU055,7,1
703,NEU112,NEU055,17,1
704,NEU113,NEU055,5,1
705,NEU055,NEU128,1,1
706,NEU128,NEU055,1,1
707,NEU055,NEU129,3,1
708,NEU129,NEU055,7,1
709,NEU055,NEU138,1,1
710,NEU055,NEU139,1,1
711,NEU142,NEU055,6,1
712,NEU143,NEU055,7,1
713,NEU147,NEU055,1,1
714,NEU150,NEU055,2,1
715,NEU055,NEU151,2,1
716,NEU151,NEU055,4,1
717,NEU055,NEU152,5,1
718,NEU152,NEU055,7,1
719,NEU153,NEU055,6,1
720,NEU154,NEU055,9,1
721,NEU158,NEU055,1,1
722,NEU159,NEU055,2,1
723,NEU165,NEU055,1,1
724,NEU169,NEU055,2,1
725,NEU170,NEU055,6,1
726,NEU171,NEU055,5,1
727,NEU055,NEU175,1,1
728,NEU199,NEU055,1,1
729,NEU203,NEU055,3,1
730,NEU205,NEU055,4,1
731,NEU055,NEU206,1,1
732,NEU055,NEU207,1,1
733,NEU209,NEU055,3,1
734,NEU219,NEU055,1,1
735,NEU055,NEU240,1,1
736,NEU055,NEU241,1,1
737,NEU055,NEU242,2,1
738,NEU055,NEU243,1,1
739,NEU055,NEU244,3,1
740,NEU055,NEU246,9,1
741,NEU055,NEU247,4,1
742,NEU055,NEU248,4,1
743,NEU055,NEU249,8,1
744,NEU271,NEU055,1,1
745,NEU277,NEU055,2,1
746,NEU055,NEU279,2,1
747,NEU279,NEU055,2,1
748,NEU056,NEU057,1,1
749,NEU057,NEU056,1,1
750,NEU056,NEU058,1,1
751,NEU056,NEU059,2,1
752,NEU059,NEU056,1,1
753,NEU056,NEU060,1,1
754,NEU056,NEU061,2,1
755,NEU062,NEU056,1,1
756,NEU063,NEU056,1,1
757,NEU064,NEU056,1,1
758,NEU065,NEU056,1,1
759,NEU066,NEU056,2,1
760,NEU067,NEU056,1,1
761,NEU068,NEU056,1,1
762,NEU069,NEU056,1,1
763,NEU056,NEU071,1,1
764,NEU072,NEU056,6,1
765,NEU075,NEU056,1,1
766,NEU109,NEU056,1,1
767,NEU111,NEU056,1,1
768,NEU112,NEU056,1,1
769,NEU113,NEU056,5,1
770,NEU151,NEU056,5,1
771,NEU152,NEU056,2,1
772,NEU056,NEU157,1,1
773,NEU157,NEU056,1,1
774,NEU158,NEU056,2,1
775,NEU159,NEU056,4,1
776,NEU161,NEU056,1,1
777,NEU162,NEU056,4,1
778,NEU173,NEU056,10,1
779,NEU174,NEU056,1,1
780,NEU178,NEU056,2,1
781,NEU179,NEU056,2,1
782,NEU210,NEU056,2,1
783,NEU231,NEU056,1,1
784,NEU233,NEU056,1,1
785,NEU234,NEU056,1,1
786,NEU056,NEU240,1,1
787,NEU056,NEU245,1,1
788,NEU056,NEU248,1,1
789,NEU056,NEU252,1,1
790,NEU056,NEU264,1,1
791,NEU265,NEU056,1,1
792,NEU062,NEU057,2,1
793,NEU063,NEU057,3,1
794,NEU064,NEU057,2,1
795,NEU065,NEU057,1,1
796,NEU066,NEU057,1,1
797,NEU067,NEU057,4,1
798,NEU068,NEU057,1,1
799,NEU072,NEU057,2,1
800,NEU076,NEU057,2,1
801,NEU057,NEU091,1,1
802,NEU112,NEU057,1,1
803,NEU113,NEU057,1,1
804,NEU057,NEU115,1,1
805,NEU151,NEU057,1,1
806,NEU152,NEU057,6,1
807,NEU156,NEU057,1,1
808,NEU157,NEU057,2,1
809,NEU158,NEU057,6,1
810,NEU159,NEU057,5,1
811,NEU162,NEU057,4,1
812,NEU168,NEU057,1,1
813,NEU173,NEU057,1,1
814,NEU174,NEU057,3,1
815,NEU178,NEU057,3,1
816,NEU179,NEU057,1,1
817,NEU198,NEU057,2,1
818,NEU199,NEU057,1,1
819,NEU210,NEU057,4,1
820,NEU232,NEU057,1,1
821,NEU234,NEU057,2,1
822,NEU237,NEU057,1,1
823,NEU057,NEU242,1,1
824,NEU057,NEU247,1,1
825,NEU057,NEU269,1,1
826,NEU059,NEU058,2,1
827,NEU065,NEU058,1,1
828,NEU067,NEU058,1,1
829,NEU068,NEU058,1,1
830,NEU058,NEU087,1,1
831,NEU058,NEU088,1,1
832,NEU058,NEU089,4,1
833,NEU058,NEU090,1,1
834,NEU058,NEU091,1,1
835,NEU058,NEU094,1,1
836,NEU112,NEU058,6,1
837,NEU113,NEU058,2,1
838,NEU058,NEU128,1,1
839,NEU128,NEU058,4,1
840,NEU129,NEU058,1,1
841,NEU142,NEU058,1,1
842,NEU143,NEU058,1,1
843,NEU147,NEU058,1,1
844,NEU150,NEU058,7,1
845,NEU058,NEU151,1,1
846,NEU151,NEU058,5,1
847,NEU152,NEU058,5,1
848,NEU156,NEU058,3,1
849,NEU199,NEU058,1,1
850,NEU058,NEU206,1,1
851,NEU058,NEU207,1,1
852,NEU058,NEU208,1,1
853,NEU242,NEU058,1,1
854,NEU058,NEU243,1,1
855,NEU061,NEU059,1,1
856,NEU064,NEU059,1,1
857,NEU066,NEU059,1,1
858,NEU068,NEU059,1,1
859,NEU059,NEU087,2,1
860,NEU059,NEU088,1,1
861,NEU059,NEU089,1,1
862,NEU059,NEU090,1,1
863,NEU059,NEU091,2,1
864,NEU059,NEU094,1,1
865,NEU059,NEU095,1,1
866,NEU059,NEU099,1,1
867,NEU059,NEU111,1,1
868,NEU112,NEU059,13,1
869,NEU113,NEU059,1,1
870,NEU114,NEU059,2,1
871,NEU115,NEU059,1,1
872,NEU059,NEU128,2,1
873,NEU128,NEU059,2,1
874,NEU129,NEU059,3,1
875,NEU140,NEU059,1,1
876,NEU143,NEU059,1,1
877,NEU147,NEU059,4,1
878,NEU059,NEU150,1,1
879,NEU150,NEU059,6,1
880,NEU151,NEU059,2,1
881,NEU152,NEU059,1,1
882,NEU156,NEU059,3,1
883,NEU157,NEU059,1,1
884,NEU158,NEU059,2,1
885,NEU165,NEU059,1,1
886,NEU168,NEU059,1,1
887,NEU059,NEU206,1,1
888,NEU059,NEU207,3,1
889,NEU059,NEU208,1,1
890,NEU059,NEU240,1,1
891,NEU059,NEU241,2,1
892,NEU059,NEU244,1,1
893,NEU059,NEU249,1,1
894,NEU064,NEU060,1,1
895,NEU067,NEU060,1,1
896,NEU069,NEU060,2,1
897,NEU071,NEU060,1,1
898,NEU079,NEU060,1,1
899,NEU080,NEU060,2,1
900,NEU084,NEU060,6,1
901,NEU086,NEU060,1,1
902,NEU060,NEU087,5,1
903,NEU060,NEU088,1,1
904,NEU060,NEU089,1,1
905,NEU060,NEU090,1,1
906,NEU109,NEU060,3,1
907,NEU113,NEU060,4,1
908,NEU119,NEU060,1,1
909,NEU124,NEU060,1,1
910,NEU131,NEU060,1,1
911,NEU151,NEU060,2,1
912,NEU060,NEU152,1,1
913,NEU152,NEU060,1,1
914,NEU156,NEU060,1,1
915,NEU157,NEU060,2,1
916,NEU060,NEU163,1,1
917,NEU168,NEU060,1,1
918,NEU169,NEU060,2,1
919,NEU175,NEU060,1,1
920,NEU183,NEU060,7,1
921,NEU198,NEU060,2,1
922,NEU060,NEU206,6,1
923,NEU060,NEU207,7,1
924,NEU060,NEU208,3,1
925,NEU209,NEU060,1,1
926,NEU233,NEU060,3,1
927,NEU236,NEU060,2,1
928,NEU238,NEU060,6,1
929,NEU060,NEU239,5,1
930,NEU060,NEU241,1,1
931,NEU060,NEU268,1,1
932,NEU060,NEU269,1,1
933,NEU064,NEU061,1,1
934,NEU068,NEU061,1,1
935,NEU069,NEU061,1,1
936,NEU079,NEU061,1,1
937,NEU083,NEU061,1,1
938,NEU085,NEU061,1,1
939,NEU061,NEU087,5,1
940,NEU061,NEU088,1,1
941,NEU061,NEU089,1,1
942,NEU061,NEU098,1,1
943,NEU109,NEU061,2,1
944,NEU113,NEU061,2,1
945,NEU118,NEU061,2,1
946,NEU119,NEU061,1,1
947,NEU130,NEU061,3,1
948,NEU151,NEU061,1,1
949,NEU152,NEU061,1,1
950,NEU158,NEU061,1,1
951,NEU168,NEU061,3,1
952,NEU169,NEU061,1,1
953,NEU175,NEU061,1,1
954,NEU176,NEU061,2,1
955,NEU183,NEU061,7,1
956,NEU199,NEU061,3,1
957,NEU061,NEU206,2,1
958,NEU061,NEU207,3,1
959,NEU061,NEU208,3,1
960,NEU234,NEU061,2,1
961,NEU235,NEU061,2,1
962,NEU236,NEU061,2,1
963,NEU237,NEU061,5,1
964,NEU061,NEU239,1,1
965,NEU061,NEU240,1,1
966,NEU061,NEU241,2,1
967,NEU061,NEU242,1,1
968,NEU061,NEU243,1,1
969,NEU062,NEU063,1,1
970,NEU063,NEU062,1,1
971,NEU062,NEU064,1,1
972,NEU064,NEU062,1,1
973,NEU062,NEU065,2,1
974,NEU065,NEU062,1,1
975,NEU062,NEU066,3,1
976,NEU066,NEU062,2,1
977,NEU062,NEU067,1,1
978,NEU062,NEU068,1,1
979,NEU062,NEU071,1,1
980,NEU062,NEU114,1,1
981,NEU114,NEU062,1,1
982,NEU115,NEU062,1,1
983,NEU062,NEU139,1,1
984,NEU140,NEU062,3,1
985,NEU143,NEU062,1,1
986,NEU062,NEU156,2,1
987,NEU062,NEU160,1,1
988,NEU062,NEU161,1,1
989,NEU174,NEU062,1,1
990,NEU062,NEU251,1,1
991,NEU266,NEU062,1,1
992,NEU063,NEU065,2,1
993,NEU065,NEU063,3,1
994,NEU063,NEU066,1,1
995,NEU066,NEU063,1,1
996,NEU063,NEU067,2,1
997,NEU067,NEU063,1,1
998,NEU063,NEU068,1,1
999,NEU071,NEU063,1,1
1000,NEU063,NEU115,1,1
1001,NEU156,NEU063,1,1
1002,NEU063,NEU160,1,1
1003,NEU161,NEU063,1,1
1004,NEU266,NEU063,1,1
1005,NEU063,NEU277,1,1
1006,NEU064,NEU067,1,1
1007,NEU064,NEU071,1,1
1008,NEU064,NEU094,1,1
1009,NEU064,NEU140,2,1
1010,NEU140,NEU064,1,1
1011,NEU141,NEU064,1,1
1012,NEU150,NEU064,1,1
1013,NEU064,NEU151,1,1
1014,NEU156,NEU064,1,1
1015,NEU064,NEU157,1,1
1016,NEU064,NEU159,1,1
1017,NEU064,NEU161,1,1
1018,NEU064,NEU163,1,1
1019,NEU064,NEU249,1,1
1020,NEU065,NEU066,1,1
1021,NEU066,NEU065,1,1
1022,NEU065,NEU067,2,1
1023,NEU067,NEU065,2,1
1024,NEU065,NEU076,1,1
1025,NEU081,NEU065,1,1
1026,NEU082,NEU065,1,1
1027,NEU140,NEU065,1,1
1028,NEU065,NEU159,2,1
1029,NEU159,NEU065,3,1
1030,NEU065,NEU160,1,1
1031,NEU065,NEU161,2,1
1032,NEU174,NEU065,1,1
1033,NEU065,NEU179,1,1
1034,NEU065,NEU182,3,1
1035,NEU065,NEU220,1,1
1036,NEU065,NEU222,2,1
1037,NEU065,NEU267,1,1
1038,NEU066,NEU068,4,1
1039,NEU140,NEU066,1,1
1040,NEU141,NEU066,1,1
1041,NEU145,NEU066,1,1
1042,NEU066,NEU156,1,1
1043,NEU066,NEU158,3,1
1044,NEU158,NEU066,1,1
1045,NEU173,NEU066,1,1
1046,NEU066,NEU175,1,1
1047,NEU066,NEU182,1,1
1048,NEU066,NEU219,1,1
1049,NEU066,NEU221,1,1
1050,NEU265,NEU066,1,1
1051,NEU068,NEU067,1,1
1052,NEU082,NEU067,2,1
1053,NEU114,NEU067,1,1
1054,NEU067,NEU115,1,1
1055,NEU115,NEU067,1,1
1056,NEU128,NEU067,1,1
1057,NEU067,NEU147,2,1
1058,NEU067,NEU151,1,1
1059,NEU151,NEU067,1,1
1060,NEU067,NEU152,2,1
1061,NEU156,NEU067,5,1
1062,NEU067,NEU157,1,1
1063,NEU157,NEU067,4,1
1064,NEU162,NEU067,1,1
1065,NEU164,NEU067,1,1
1066,NEU067,NEU174,1,1
1067,NEU174,NEU067,1,1
1068,NEU179,NEU067,1,1
1069,NEU067,NEU183,1,1
1070,NEU199,NEU067,1,1
1071,NEU072,NEU068,1,1
1072,NEU081,NEU068,1,1
1073,NEU113,NEU068,1,1
1074,NEU129,NEU068,1,1
1075,NEU068,NEU151,2,1
1076,NEU151,NEU068,1,1
1077,NEU068,NEU152,1,1
1078,NEU156,NEU068,2,1
1079,NEU157,NEU068,1,1
1080,NEU068,NEU161,1,1
1081,NEU162,NEU068,2,1
1082,NEU173,NEU068,2,1
1083,NEU174,NEU068,2,1
1084,NEU068,NEU207,1,1
1085,NEU233,NEU068,1,1
1086,NEU069,NEU072,1,1
1087,NEU069,NEU109,1,1
1088,NEU111,NEU069,2,1
1089,NEU069,NEU138,2,1
1090,NEU138,NEU069,1,1
1091,NEU069,NEU139,1,1
1092,NEU139,NEU069,16,1
1093,NEU069,NEU155,1,1
1094,NEU155,NEU069,7,1
1095,NEU162,NEU069,1,1
1096,NEU163,NEU069,2,1
1097,NEU176,NEU069,4,1
1098,NEU069,NEU178,2,1
1099,NEU069,NEU179,1,1
1100,NEU179,NEU069,1,1
1101,NEU183,NEU069,1,1
1102,NEU189,NEU069,1,1
1103,NEU196,NEU069,4,1
1104,NEU069,NEU197,1,1
1105,NEU197,NEU069,3,1
1106,NEU069,NEU203,1,1
1107,NEU069,NEU214,1,1
1108,NEU069,NEU224,1,1
1109,NEU070,NEU081,1,1
1110,NEU111,NEU070,1,1
1111,NEU070,NEU160,1,1
1112,NEU163,NEU070,7,1
1113,NEU170,NEU070,1,1
1114,NEU175,NEU070,2,1
1115,NEU176,NEU070,1,1
1116,NEU070,NEU178,2,1
1117,NEU070,NEU179,2,1
1118,NEU183,NEU070,4,1
1119,NEU070,NEU189,1,1
1120,NEU070,NEU196,1,1
1121,NEU196,NEU070,4,1
1122,NEU197,NEU070,3,1
1123,NEU070,NEU202,1,1
1124,NEU070,NEU219,1,1
1125,NEU070,NEU223,1,1
1126,NEU070,NEU224,2,1
1127,NEU071,NEU088,1,1
1128,NEU071,NEU103,1,1
1129,NEU071,NEU108,2,1
1130,NEU110,NEU071,2,1
1131,NEU071,NEU115,1,1
1132,NEU115,NEU071,1,1
1133,NEU152,NEU071,1,1
1134,NEU156,NEU071,2,1
1135,NEU157,NEU071,2,1
1136,NEU071,NEU159,1,1
1137,NEU159,NEU071,1,1
1138,NEU161,NEU071,1,1
1139,NEU163,NEU071,2,1
1140,NEU071,NEU164,1,1
1141,NEU183,NEU071,2,1
1142,NEU071,NEU206,5,1
1143,NEU071,NEU207,4,1
1144,NEU071,NEU208,3,1
1145,NEU262,NEU071,2,1
1146,NEU264,NEU071,1,1
1147,NEU071,NEU278,4,1
1148,NEU072,NEU081,2,1
1149,NEU072,NEU082,2,1
1150,NEU072,NEU087,1,1
1151,NEU072,NEU151,4,1
1152,NEU072,NEU152,1,1
1153,NEU155,NEU072,1,1
1154,NEU072,NEU156,1,1
1155,NEU072,NEU162,3,1
1156,NEU072,NEU172,1,1
1157,NEU072,NEU217,1,1
1158,NEU072,NEU239,2,1
1159,NEU073,NEU075,1,1
1160,NEU074,NEU076,1,1
1161,NEU161,NEU074,2,1
1162,NEU074,NEU174,2,1
1163,NEU074,NEU176,1,1
1164,NEU074,NEU182,2,1
1165,NEU114,NEU075,1,1
1166,NEU115,NEU075,1,1
1167,NEU075,NEU166,1,1
1168,NEU075,NEU219,1,1
1169,NEU114,NEU076,2,1
1170,NEU076,NEU167,1,1
1171,NEU076,NEU182,2,1
1172,NEU182,NEU076,1,1
1173,NEU076,NEU222,1,1
1174,NEU077,NEU078,1,1
1175,NEU078,NEU077,1,1
1176,NEU077,NEU166,2,1
1177,NEU079,NEU080,1,1
1178,NEU079,NEU167,2,1
1179,NEU079,NEU168,1,1
1180,NEU079,NEU169,1,1
1181,NEU169,NEU079,1,1
1182,NEU079,NEU175,1,1
1183,NEU079,NEU176,3,1
1184,NEU126,NEU080,1,1
1185,NEU080,NEU166,2,1
1186,NEU080,NEU168,1,1
1187,NEU168,NEU080,1,1
1188,NEU080,NEU175,2,1
1189,NEU175,NEU080,1,1
1190,NEU177,NEU080,1,1
1191,NEU182,NEU080,1,1
1192,NEU081,NEU114,1,1
1193,NEU081,NEU156,2,1
1194,NEU156,NEU081,1,1
1195,NEU081,NEU157,2,1
1196,NEU157,NEU081,1,1
1197,NEU081,NEU202,1,1
1198,NEU081,NEU227,1,1
1199,NEU084,NEU082,1,1
1200,NEU082,NEU115,1,1
1201,NEU115,NEU082,1,1
1202,NEU082,NEU151,1,1
1203,NEU082,NEU156,2,1
1204,NEU156,NEU082,2,1
1205,NEU082,NEU157,1,1
1206,NEU157,NEU082,2,1
1207,NEU082,NEU209,1,1
1208,NEU082,NEU228,1,1
1209,NEU083,NEU116,4,1
1210,NEU083,NEU130,2,1
1211,NEU130,NEU083,3,1
1212,NEU083,NEU132,6,1
1213,NEU083,NEU168,2,1
1214,NEU083,NEU170,1,1
1215,NEU083,NEU171,2,1
1216,NEU177,NEU083,1,1
1217,NEU083,NEU180,2,1
1218,NEU083,NEU183,1,1
1219,NEU083,NEU190,1,1
1220,NEU083,NEU198,1,1
1221,NEU198,NEU083,1,1
1222,NEU083,NEU201,1,1
1223,NEU083,NEU212,1,1
1224,NEU083,NEU220,1,1
1225,NEU083,NEU227,2,1
1226,NEU083,NEU231,4,1
1227,NEU231,NEU083,1,1
1228,NEU083,NEU235,2,1
1229,NEU084,NEU117,5,1
1230,NEU084,NEU119,1,1
1231,NEU123,NEU084,1,1
1232,NEU084,NEU131,1,1
1233,NEU131,NEU084,1,1
1234,NEU084,NEU133,5,1
1235,NEU084,NEU169,1,1
1236,NEU084,NEU170,4,1
1237,NEU084,NEU171,3,1
1238,NEU177,NEU084,1,1
1239,NEU084,NEU183,1,1
1240,NEU183,NEU084,1,1
1241,NEU084,NEU186,1,1
1242,NEU084,NEU191,2,1
1243,NEU084,NEU199,1,1
1244,NEU084,NEU200,4,1
1245,NEU084,NEU201,1,1
1246,NEU084,NEU211,1,1
1247,NEU084,NEU220,1,1
1248,NEU084,NEU228,1,1
1249,NEU084,NEU232,2,1
1250,NEU232,NEU084,1,1
1251,NEU084,NEU236,1,1
1252,NEU085,NEU120,2,1
1253,NEU085,NEU130,4,1
1254,NEU130,NEU085,4,1
1255,NEU085,NEU134,6,1
1256,NEU166,NEU085,1,1
1257,NEU085,NEU170,1,1
1258,NEU085,NEU171,4,1
1259,NEU177,NEU085,1,1
1260,NEU085,NEU180,1,1
1261,NEU183,NEU085,2,1
1262,NEU085,NEU186,4,1
1263,NEU085,NEU200,1,1
1264,NEU085,NEU213,1,1
1265,NEU085,NEU229,2,1
1266,NEU086,NEU121,1,1
1267,NEU086,NEU127,2,1
1268,NEU086,NEU131,1,1
1269,NEU131,NEU086,6,1
1270,NEU086,NEU135,3,1
1271,NEU167,NEU086,1,1
1272,NEU086,NEU170,2,1
1273,NEU086,NEU171,2,1
1274,NEU177,NEU086,1,1
1275,NEU086,NEU181,1,1
1276,NEU183,NEU086,1,1
1277,NEU086,NEU184,1,1
1278,NEU086,NEU187,2,1
1279,NEU086,NEU201,2,1
1280,NEU086,NEU214,2,1
1281,NEU086,NEU230,1,1
1282,NEU087,NEU103,2,1
1283,NEU087,NEU267,3,1
1284,NEU087,NEU268,1,1
1285,NEU088,NEU103,1,1
1286,NEU103,NEU088,2,1
1287,NEU151,NEU088,1,1
1288,NEU088,NEU267,2,1
1289,NEU088,NEU268,2,1
1290,NEU088,NEU269,3,1
1291,NEU089,NEU090,1,1
1292,NEU090,NEU089,1,1
1293,NEU097,NEU089,5,1
1294,NEU089,NEU098,1,1
1295,NEU089,NEU104,1,1
1296,NEU104,NEU089,1,1
1297,NEU089,NEU269,1,1
1298,NEU089,NEU270,6,1
1299,NEU090,NEU098,1,1
1300,NEU090,NEU104,1,1
1301,NEU090,NEU270,12,1
1302,NEU090,NEU271,2,1
1303,NEU091,NEU099,1,1
1304,NEU115,NEU091,1,1
1305,NEU151,NEU091,1,1
1306,NEU091,NEU271,1,1
1307,NEU091,NEU272,4,1
1308,NEU115,NEU092,1,1
1309,NEU151,NEU092,1,1
1310,NEU172,NEU092,1,1
1311,NEU092,NEU270,2,1
1312,NEU092,NEU271,2,1
1313,NEU092,NEU272,3,1
1314,NEU110,NEU094,2,1
1315,NEU141,NEU094,1,1
1316,NEU143,NEU094,1,1
1317,NEU250,NEU094,3,1
1318,NEU095,NEU108,1,1
1319,NEU136,NEU095,1,1
1320,NEU144,NEU095,7,1
1321,NEU145,NEU095,2,1
1322,NEU152,NEU095,1,1
1323,NEU162,NEU095,1,1
1324,NEU250,NEU095,5,1
1325,NEU095,NEU279,1,1
1326,NEU096,NEU103,4,1
1327,NEU096,NEU267,11,1
1328,NEU096,NEU268,7,1
1329,NEU096,NEU269,1,1
1330,NEU097,NEU104,1,1
1331,NEU109,NEU097,1,1
1332,NEU151,NEU097,3,1
1333,NEU152,NEU097,1,1
1334,NEU162,NEU097,1,1
1335,NEU097,NEU269,7,1
1336,NEU097,NEU270,6,1
1337,NEU097,NEU271,1,1
1338,NEU098,NEU104,4,1
1339,NEU098,NEU105,10,1
1340,NEU109,NEU098,2,1
1341,NEU151,NEU098,4,1
1342,NEU152,NEU098,3,1
1343,NEU162,NEU098,1,1
1344,NEU098,NEU270,9,1
1345,NEU098,NEU271,3,1
1346,NEU098,NEU272,1,1
1347,NEU099,NEU105,3,1
1348,NEU109,NEU099,1,1
1349,NEU151,NEU099,3,1
1350,NEU152,NEU099,4,1
1351,NEU263,NEU099,1,1
1352,NEU099,NEU272,7,1
1353,NEU109,NEU100,1,1
1354,NEU151,NEU100,2,1
1355,NEU152,NEU100,1,1
1356,NEU109,NEU101,2,1
1357,NEU151,NEU101,2,1
1358,NEU152,NEU101,2,1
1359,NEU109,NEU102,1,1
1360,NEU151,NEU102,1,1
1361,NEU152,NEU102,1,1
1362,NEU250,NEU102,4,1
1363,NEU102,NEU279,2,1
1364,NEU156,NEU103,2,1
1365,NEU161,NEU103,1,1
1366,NEU172,NEU103,3,1
1367,NEU239,NEU103,9,1
1368,NEU240,NEU103,13,1
1369,NEU241,NEU103,18,1
1370,NEU251,NEU103,1,1
1371,NEU252,NEU103,20,1
1372,NEU262,NEU103,7,1
1373,NEU263,NEU103,6,1
1374,NEU264,NEU103,2,1
1375,NEU267,NEU103,1,1
1376,NEU103,NEU268,1,1
1377,NEU268,NEU103,1,1
1378,NEU159,NEU104,1,1
1379,NEU172,NEU104,3,1
1380,NEU241,NEU104,11,1
1381,NEU242,NEU104,21,1
1382,NEU243,NEU104,5,1
1383,NEU252,NEU104,1,1
1384,NEU253,NEU104,37,1
1385,NEU254,NEU104,6,1
1386,NEU262,NEU104,6,1
1387,NEU263,NEU104,4,1
1388,NEU264,NEU104,4,1
1389,NEU104,NEU269,1,1
1390,NEU104,NEU270,1,1
1391,NEU157,NEU105,1,1
1392,NEU172,NEU105,1,1
1393,NEU243,NEU105,13,1
1394,NEU244,NEU105,24,1
1395,NEU245,NEU105,3,1
1396,NEU254,NEU105,16,1
1397,NEU255,NEU105,27,1
1398,NEU262,NEU105,6,1
1399,NEU263,NEU105,9,1
1400,NEU264,NEU105,5,1
1401,NEU245,NEU106,12,1
1402,NEU246,NEU106,21,1
1403,NEU247,NEU106,3,1
1404,NEU256,NEU106,30,1
1405,NEU257,NEU106,2,1
1406,NEU264,NEU106,12,1
1407,NEU274,NEU106,1,1
1408,NEU153,NEU107,1,1
1409,NEU247,NEU107,15,1
1410,NEU107,NEU258,1,1
1411,NEU258,NEU107,30,1
1412,NEU259,NEU107,8,1
1413,NEU107,NEU275,1,1
1414,NEU276,NEU107,1,1
1415,NEU110,NEU108,3,1
1416,NEU136,NEU108,1,1
1417,NEU249,NEU108,10,1
1418,NEU250,NEU108,2,1
1419,NEU260,NEU108,9,1
1420,NEU261,NEU108,7,1
1421,NEU112,NEU109,1,1
1422,NEU113,NEU109,1,1
1423,NEU109,NEU138,1,1
1424,NEU138,NEU109,16,1
1425,NEU139,NEU109,19,1
1426,NEU140,NEU109,2,1
1427,NEU141,NEU109,1,1
1428,NEU144,NEU109,4,1
1429,NEU145,NEU109,3,1
1430,NEU147,NEU109,5,1
1431,NEU109,NEU151,3,1
1432,NEU151,NEU109,4,1
1433,NEU109,NEU152,1,1
1434,NEU154,NEU109,2,1
1435,NEU155,NEU109,2,1
1436,NEU109,NEU162,1,1
1437,NEU162,NEU109,1,1
1438,NEU109,NEU166,1,1
1439,NEU109,NEU167,1,1
1440,NEU109,NEU179,1,1
1441,NEU109,NEU182,3,1
1442,NEU182,NEU109,2,1
1443,NEU109,NEU203,1,1
1444,NEU109,NEU204,1,1
1445,NEU109,NEU205,1,1
1446,NEU109,NEU206,1,1
1447,NEU210,NEU109,3,1
1448,NEU109,NEU219,3,1
1449,NEU109,NEU220,2,1
1450,NEU109,NEU221,3,1
1451,NEU109,NEU222,2,1
1452,NEU109,NEU240,1,1
1453,NEU109,NEU250,1,1
1454,NEU109,NEU251,1,1
1455,NEU251,NEU109,1,1
1456,NEU109,NEU261,2,1
1457,NEU110,NEU111,3,1
1458,NEU110,NEU136,1,1
1459,NEU110,NEU144,1,1
1460,NEU110,NEU158,1,1
1461,NEU159,NEU111,1,1
1462,NEU161,NEU111,1,1
1463,NEU111,NEU163,1,1
1464,NEU163,NEU111,2,1
1465,NEU111,NEU168,1,1
1466,NEU111,NEU169,1,1
1467,NEU111,NEU175,1,1
1468,NEU175,NEU111,1,1
1469,NEU111,NEU176,5,1
1470,NEU111,NEU196,2,1
1471,NEU111,NEU197,4,1
1472,NEU262,NEU111,1,1
1473,NEU263,NEU111,1,1
1474,NEU264,NEU111,1,1
1475,NEU266,NEU111,2,1
1476,NEU112,NEU113,1,1
1477,NEU113,NEU112,2,1
1478,NEU152,NEU112,1,1
1479,NEU209,NEU112,1,1
1480,NEU113,NEU151,2,1
1481,NEU113,NEU251,1,1
1482,NEU114,NEU115,3,1
1483,NEU115,NEU114,1,1
1484,NEU146,NEU114,1,1
1485,NEU160,NEU114,2,1
1486,NEU114,NEU173,3,1
1487,NEU114,NEU178,2,1
1488,NEU182,NEU114,1,1
1489,NEU114,NEU207,2,1
1490,NEU114,NEU266,3,1
1491,NEU266,NEU114,1,1
1492,NEU147,NEU115,1,1
1493,NEU115,NEU157,1,1
1494,NEU157,NEU115,1,1
1495,NEU115,NEU161,1,1
1496,NEU161,NEU115,1,1
1497,NEU115,NEU174,1,1
1498,NEU174,NEU115,1,1
1499,NEU115,NEU199,1,1
1500,NEU115,NEU206,1,1
1501,NEU115,NEU208,1,1
1502,NEU115,NEU244,1,1
1503,NEU115,NEU263,1,1
1504,NEU115,NEU264,1,1
1505,NEU264,NEU115,1,1
1506,NEU115,NEU270,2,1
1507,NEU118,NEU116,1,1
1508,NEU122,NEU116,7,1
1509,NEU116,NEU162,1,1
1510,NEU162,NEU116,1,1
1511,NEU116,NEU177,1,1
1512,NEU116,NEU180,2,1
1513,NEU116,NEU187,1,1
1514,NEU116,NEU190,4,1
1515,NEU227,NEU116,2,1
1516,NEU116,NEU235,1,1
1517,NEU119,NEU117,1,1
1518,NEU123,NEU117,7,1
1519,NEU131,NEU117,2,1
1520,NEU162,NEU117,1,1
1521,NEU117,NEU181,5,1
1522,NEU117,NEU191,5,1
1523,NEU228,NEU117,1,1
1524,NEU120,NEU118,1,1
1525,NEU124,NEU118,1,1
1526,NEU118,NEU186,5,1
1527,NEU118,NEU188,1,1
1528,NEU118,NEU189,3,1
1529,NEU118,NEU190,4,1
1530,NEU118,NEU191,2,1
1531,NEU118,NEU194,1,1
1532,NEU231,NEU118,1,1
1533,NEU121,NEU119,1,1
1534,NEU125,NEU119,1,1
1535,NEU167,NEU119,1,1
1536,NEU119,NEU186,3,1
1537,NEU119,NEU187,2,1
1538,NEU119,NEU188,1,1
1539,NEU119,NEU189,2,1
1540,NEU119,NEU190,1,1
1541,NEU119,NEU191,4,1
1542,NEU119,NEU193,2,1
1543,NEU119,NEU200,1,1
1544,NEU230,NEU119,1,1
1545,NEU232,NEU119,3,1
1546,NEU119,NEU234,2,1
1547,NEU126,NEU120,7,1
1548,NEU130,NEU120,2,1
1549,NEU134,NEU120,1,1
1550,NEU162,NEU120,1,1
1551,NEU120,NEU180,4,1
1552,NEU120,NEU186,5,1
1553,NEU120,NEU237,1,1
1554,NEU237,NEU120,1,1
1555,NEU121,NEU127,1,1
1556,NEU127,NEU121,6,1
1557,NEU131,NEU121,1,1
1558,NEU135,NEU121,1,1
1559,NEU162,NEU121,1,1
1560,NEU121,NEU181,1,1
1561,NEU121,NEU187,10,1
1562,NEU121,NEU194,1,1
1563,NEU238,NEU121,1,1
1564,NEU122,NEU132,2,1
1565,NEU122,NEU168,1,1
1566,NEU122,NEU180,10,1
1567,NEU122,NEU193,4,1
1568,NEU122,NEU194,3,1
1569,NEU122,NEU227,1,1
1570,NEU123,NEU171,1,1
1571,NEU123,NEU181,11,1
1572,NEU123,NEU192,1,1
1573,NEU123,NEU193,2,1
1574,NEU123,NEU194,2,1
1575,NEU123,NEU195,1,1
1576,NEU123,NEU228,3,1
1577,NEU126,NEU124,1,1
1578,NEU124,NEU132,2,1
1579,NEU124,NEU134,2,1
1580,NEU124,NEU170,1,1
1581,NEU124,NEU177,7,1
1582,NEU177,NEU124,2,1
1583,NEU124,NEU188,1,1
1584,NEU124,NEU189,1,1
1585,NEU124,NEU194,2,1
1586,NEU124,NEU195,2,1
1587,NEU124,NEU233,2,1
1588,NEU125,NEU131,1,1
1589,NEU131,NEU125,1,1
1590,NEU125,NEU133,2,1
1591,NEU125,NEU135,2,1
1592,NEU125,NEU177,6,1
1593,NEU177,NEU125,1,1
1594,NEU125,NEU188,1,1
1595,NEU125,NEU193,2,1
1596,NEU125,NEU195,1,1
1597,NEU125,NEU232,1,1
1598,NEU232,NEU125,1,1
1599,NEU126,NEU134,1,1
1600,NEU134,NEU126,1,1
1601,NEU126,NEU166,1,1
1602,NEU126,NEU177,2,1
1603,NEU126,NEU180,11,1
1604,NEU126,NEU193,1,1
1605,NEU126,NEU194,4,1
1606,NEU126,NEU195,1,1
1607,NEU126,NEU229,3,1
1608,NEU127,NEU135,1,1
1609,NEU127,NEU167,2,1
1610,NEU127,NEU177,1,1
1611,NEU127,NEU181,1,1
1612,NEU127,NEU193,3,1
1613,NEU127,NEU194,2,1
1614,NEU127,NEU195,3,1
1615,NEU127,NEU230,4,1
1616,NEU127,NEU234,1,1
1617,NEU128,NEU142,1,1
1618,NEU144,NEU128,1,1
1619,NEU128,NEU156,1,1
1620,NEU128,NEU164,1,1
1621,NEU250,NEU128,2,1
1622,NEU145,NEU129,1,1
1623,NEU129,NEU150,1,1
1624,NEU150,NEU129,1,1
1625,NEU129,NEU152,3,1
1626,NEU152,NEU129,1,1
1627,NEU129,NEU162,1,1
1628,NEU129,NEU164,1,1
1629,NEU130,NEU168,8,1
1630,NEU130,NEU186,7,1
1631,NEU130,NEU188,2,1
1632,NEU130,NEU190,1,1
1633,NEU130,NEU193,2,1
1634,NEU203,NEU130,1,1
1635,NEU130,NEU223,2,1
1636,NEU130,NEU224,3,1
1637,NEU130,NEU226,4,1
1638,NEU130,NEU235,1,1
1639,NEU131,NEU169,2,1
1640,NEU183,NEU131,1,1
1641,NEU131,NEU187,10,1
1642,NEU131,NEU188,3,1
1643,NEU188,NEU131,2,1
1644,NEU131,NEU191,3,1
1645,NEU131,NEU194,2,1
1646,NEU204,NEU131,1,1
1647,NEU131,NEU224,1,1
1648,NEU131,NEU225,4,1
1649,NEU131,NEU226,3,1
1650,NEU266,NEU131,1,1
1651,NEU132,NEU171,1,1
1652,NEU177,NEU132,2,1
1653,NEU180,NEU132,1,1
1654,NEU181,NEU132,1,1
1655,NEU132,NEU187,1,1
1656,NEU132,NEU217,3,1
1657,NEU133,NEU170,1,1
1658,NEU133,NEU171,1,1
1659,NEU177,NEU133,2,1
1660,NEU180,NEU133,1,1
1661,NEU181,NEU133,1,1
1662,NEU133,NEU186,1,1
1663,NEU133,NEU201,1,1
1664,NEU133,NEU218,2,1
1665,NEU134,NEU170,1,1
1666,NEU134,NEU177,1,1
1667,NEU177,NEU134,1,1
1668,NEU134,NEU180,1,1
1669,NEU134,NEU191,1,1
1670,NEU134,NEU215,3,1
1671,NEU135,NEU171,1,1
1672,NEU135,NEU177,2,1
1673,NEU177,NEU135,6,1
1674,NEU135,NEU181,2,1
1675,NEU135,NEU190,4,1
1676,NEU135,NEU194,1,1
1677,NEU135,NEU216,4,1
1678,NEU234,NEU135,1,1
1679,NEU136,NEU157,1,1
1680,NEU136,NEU279,3,1
1681,NEU137,NEU279,4,1
1682,NEU138,NEU139,1,1
1683,NEU147,NEU138,2,1
1684,NEU152,NEU138,1,1
1685,NEU138,NEU155,2,1
1686,NEU155,NEU138,1,1
1687,NEU138,NEU162,2,1
1688,NEU162,NEU138,1,1
1689,NEU138,NEU247,1,1
1690,NEU138,NEU277,1,1
1691,NEU147,NEU139,3,1
1692,NEU139,NEU151,1,1
1693,NEU139,NEU152,1,1
1694,NEU155,NEU139,2,1
1695,NEU162,NEU139,1,1
1696,NEU140,NEU141,5,1
1697,NEU141,NEU140,1,1
1698,NEU140,NEU142,5,1
1699,NEU140,NEU143,5,1
1700,NEU140,NEU160,2,1
1701,NEU141,NEU142,1,1
1702,NEU141,NEU143,5,1
1703,NEU141,NEU160,2,1
1704,NEU142,NEU143,1,1
1705,NEU143,NEU142,1,1
1706,NEU142,NEU151,13,1
1707,NEU142,NEU250,1,1
1708,NEU143,NEU151,6,1
1709,NEU143,NEU152,3,1
1710,NEU143,NEU250,2,1
1711,NEU145,NEU144,1,1
1712,NEU144,NEU151,2,1
1713,NEU144,NEU250,2,1
1714,NEU145,NEU152,8,1
1715,NEU145,NEU250,1,1
1716,NEU147,NEU151,2,1
1717,NEU148,NEU202,5,1
1718,NEU148,NEU221,1,1
1719,NEU221,NEU148,1,1
1720,NEU149,NEU203,4,1
1721,NEU149,NEU222,2,1
1722,NEU150,NEU156,1,1
1723,NEU156,NEU150,1,1
1724,NEU157,NEU150,2,1
1725,NEU151,NEU152,2,1
1726,NEU152,NEU151,1,1
1727,NEU153,NEU151,1,1
1728,NEU154,NEU151,2,1
1729,NEU155,NEU151,2,1
1730,NEU156,NEU151,1,1
1731,NEU157,NEU151,1,1
1732,NEU159,NEU151,4,1
1733,NEU151,NEU172,1,1
1734,NEU174,NEU151,1,1
1735,NEU151,NEU183,2,1
1736,NEU151,NEU217,2,1
1737,NEU250,NEU151,2,1
1738,NEU151,NEU253,1,1
1739,NEU151,NEU254,1,1
1740,NEU151,NEU255,1,1
1741,NEU151,NEU256,2,1
1742,NEU151,NEU258,1,1
1743,NEU151,NEU260,2,1
1744,NEU151,NEU261,1,1
1745,NEU279,NEU151,1,1
1746,NEU152,NEU153,1,1
1747,NEU153,NEU152,6,1
1748,NEU154,NEU152,10,1
1749,NEU158,NEU152,1,1
1750,NEU159,NEU152,1,1
1751,NEU152,NEU162,1,1
1752,NEU162,NEU152,1,1
1753,NEU152,NEU165,1,1
1754,NEU165,NEU152,1,1
1755,NEU152,NEU172,2,1
1756,NEU174,NEU152,1,1
1757,NEU152,NEU218,2,1
1758,NEU250,NEU152,3,1
1759,NEU152,NEU254,2,1
1760,NEU152,NEU256,1,1
1761,NEU152,NEU257,3,1
1762,NEU152,NEU258,1,1
1763,NEU152,NEU260,1,1
1764,NEU261,NEU152,1,1
1765,NEU263,NEU152,1,1
1766,NEU279,NEU152,1,1
1767,NEU154,NEU153,1,1
1768,NEU153,NEU276,1,1
1769,NEU154,NEU247,1,1
1770,NEU155,NEU162,1,1
1771,NEU156,NEU157,5,1
1772,NEU157,NEU156,1,1
1773,NEU156,NEU163,1,1
1774,NEU156,NEU164,1,1
1775,NEU156,NEU173,1,1
1776,NEU157,NEU163,2,1
1777,NEU157,NEU164,2,1
1778,NEU249,NEU157,2,1
1779,NEU157,NEU263,1,1
1780,NEU157,NEU264,1,1
1781,NEU264,NEU157,1,1
1782,NEU157,NEU272,1,1
1783,NEU157,NEU273,1,1
1784,NEU157,NEU278,1,1
1785,NEU173,NEU158,3,1
1786,NEU158,NEU175,2,1
1787,NEU182,NEU158,1,1
1788,NEU159,NEU161,1,1
1789,NEU159,NEU167,2,1
1790,NEU174,NEU159,4,1
1791,NEU159,NEU176,1,1
1792,NEU159,NEU179,1,1
1793,NEU159,NEU199,1,1
1794,NEU264,NEU159,1,1
1795,NEU160,NEU198,1,1
1796,NEU161,NEU163,1,1
1797,NEU161,NEU174,1,1
1798,NEU263,NEU161,1,1
1799,NEU264,NEU161,4,1
1800,NEU161,NEU267,1,1
1801,NEU162,NEU180,3,1
1802,NEU162,NEU181,3,1
1803,NEU162,NEU206,1,1
1804,NEU225,NEU162,1,1
1805,NEU162,NEU227,1,1
1806,NEU164,NEU163,2,1
1807,NEU165,NEU163,1,1
1808,NEU163,NEU175,2,1
1809,NEU163,NEU176,3,1
1810,NEU163,NEU177,1,1
1811,NEU163,NEU195,1,1
1812,NEU163,NEU196,2,1
1813,NEU196,NEU163,1,1
1814,NEU163,NEU197,1,1
1815,NEU163,NEU220,1,1
1816,NEU247,NEU163,1,1
1817,NEU260,NEU163,1,1
1818,NEU262,NEU163,2,1
1819,NEU263,NEU163,2,1
1820,NEU266,NEU163,1,1
1821,NEU164,NEU165,1,1
1822,NEU164,NEU250,1,1
1823,NEU165,NEU250,1,1
1824,NEU166,NEU167,1,1
1825,NEU167,NEU166,4,1
1826,NEU168,NEU166,1,1
1827,NEU177,NEU166,1,1
1828,NEU182,NEU166,1,1
1829,NEU166,NEU184,2,1
1830,NEU184,NEU166,1,1
1831,NEU166,NEU185,1,1
1832,NEU185,NEU166,2,1
1833,NEU166,NEU186,2,1
1834,NEU166,NEU187,7,1
1835,NEU166,NEU188,4,1
1836,NEU188,NEU166,4,1
1837,NEU166,NEU189,4,1
1838,NEU189,NEU166,3,1
1839,NEU166,NEU190,1,1
1840,NEU166,NEU191,2,1
1841,NEU166,NEU211,2,1
1842,NEU166,NEU223,3,1
1843,NEU223,NEU166,1,1
1844,NEU166,NEU224,3,1
1845,NEU224,NEU166,2,1
1846,NEU166,NEU225,1,1
1847,NEU225,NEU166,3,1
1848,NEU166,NEU226,1,1
1849,NEU226,NEU166,7,1
1850,NEU233,NEU166,1,1
1851,NEU237,NEU166,1,1
1852,NEU169,NEU167,2,1
1853,NEU177,NEU167,8,1
1854,NEU182,NEU167,1,1
1855,NEU167,NEU184,1,1
1856,NEU184,NEU167,1,1
1857,NEU185,NEU167,1,1
1858,NEU167,NEU186,1,1
1859,NEU167,NEU187,1,1
1860,NEU167,NEU188,2,1
1861,NEU188,NEU167,3,1
1862,NEU167,NEU189,1,1
1863,NEU189,NEU167,3,1
1864,NEU167,NEU190,12,1
1865,NEU167,NEU191,1,1
1866,NEU167,NEU203,1,1
1867,NEU167,NEU211,1,1
1868,NEU167,NEU212,1,1
1869,NEU167,NEU213,1,1
1870,NEU167,NEU223,2,1
1871,NEU223,NEU167,1,1
1872,NEU167,NEU224,1,1
1873,NEU224,NEU167,1,1
1874,NEU167,NEU225,2,1
1875,NEU225,NEU167,8,1
1876,NEU167,NEU226,1,1
1877,NEU226,NEU167,5,1
1878,NEU234,NEU167,3,1
1879,NEU238,NEU167,1,1
1880,NEU175,NEU168,1,1
1881,NEU177,NEU168,5,1
1882,NEU178,NEU168,1,1
1883,NEU183,NEU168,3,1
1884,NEU192,NEU168,1,1
1885,NEU168,NEU226,2,1
1886,NEU235,NEU168,1,1
1887,NEU237,NEU168,2,1
1888,NEU169,NEU176,1,1
1889,NEU176,NEU169,1,1
1890,NEU169,NEU177,1,1
1891,NEU177,NEU169,4,1
1892,NEU179,NEU169,1,1
1893,NEU183,NEU169,5,1
1894,NEU192,NEU169,1,1
1895,NEU169,NEU223,1,1
1896,NEU236,NEU169,1,1
1897,NEU238,NEU169,1,1
1898,NEU170,NEU178,1,1
1899,NEU170,NEU179,1,1
1900,NEU170,NEU185,1,1
1901,NEU170,NEU197,1,1
1902,NEU170,NEU219,2,1
1903,NEU170,NEU223,3,1
1904,NEU170,NEU224,3,1
1905,NEU170,NEU226,1,1
1906,NEU233,NEU170,1,1
1907,NEU209,NEU171,1,1
1908,NEU210,NEU171,1,1
1909,NEU171,NEU220,1,1
1910,NEU171,NEU223,4,1
1911,NEU171,NEU224,3,1
1912,NEU171,NEU225,2,1
1913,NEU171,NEU226,1,1
1914,NEU231,NEU171,1,1
1915,NEU232,NEU171,1,1
1916,NEU198,NEU172,1,1
1917,NEU172,NEU271,2,1
1918,NEU172,NEU279,1,1
1919,NEU173,NEU178,4,1
1920,NEU174,NEU179,4,1
1921,NEU174,NEU181,1,1
1922,NEU175,NEU182,2,1
1923,NEU182,NEU175,1,1
1924,NEU175,NEU196,1,1
1925,NEU175,NEU201,3,1
1926,NEU233,NEU175,2,1
1927,NEU176,NEU182,1,1
1928,NEU196,NEU176,1,1
1929,NEU176,NEU200,4,1
1930,NEU234,NEU176,2,1
1931,NEU177,NEU180,4,1
1932,NEU177,NEU181,3,1
1933,NEU177,NEU194,2,1
1934,NEU177,NEU195,1,1
1935,NEU237,NEU177,1,1
1936,NEU177,NEU238,1,1
1937,NEU183,NEU178,1,1
1938,NEU178,NEU188,1,1
1939,NEU178,NEU189,1,1
1940,NEU178,NEU197,1,1
1941,NEU202,NEU178,1,1
1942,NEU178,NEU203,1,1
1943,NEU203,NEU178,1,1
1944,NEU178,NEU204,3,1
1945,NEU204,NEU178,2,1
1946,NEU178,NEU205,2,1
1947,NEU205,NEU178,5,1
1948,NEU178,NEU224,1,1
1949,NEU178,NEU225,1,1
1950,NEU251,NEU178,2,1
1951,NEU179,NEU183,1,1
1952,NEU183,NEU179,1,1
1953,NEU179,NEU188,2,1
1954,NEU179,NEU189,1,1
1955,NEU189,NEU179,2,1
1956,NEU179,NEU196,1,1
1957,NEU179,NEU197,1,1
1958,NEU202,NEU179,1,1
1959,NEU203,NEU179,2,1
1960,NEU179,NEU204,1,1
1961,NEU204,NEU179,12,1
1962,NEU179,NEU205,3,1
1963,NEU205,NEU179,2,1
1964,NEU179,NEU223,2,1
1965,NEU179,NEU224,4,1
1966,NEU227,NEU180,3,1
1967,NEU229,NEU180,3,1
1968,NEU228,NEU181,3,1
1969,NEU230,NEU181,3,1
1970,NEU234,NEU181,3,1
1971,NEU199,NEU182,1,1
1972,NEU182,NEU233,5,1
1973,NEU182,NEU234,1,1
1974,NEU183,NEU186,1,1
1975,NEU183,NEU188,2,1
1976,NEU183,NEU189,1,1
1977,NEU189,NEU183,1,1
1978,NEU209,NEU183,2,1
1979,NEU183,NEU224,2,1
1980,NEU183,NEU226,1,1
1981,NEU237,NEU183,1,1
1982,NEU183,NEU238,1,1
1983,NEU184,NEU188,2,1
1984,NEU184,NEU203,3,1
1985,NEU184,NEU214,2,1
1986,NEU184,NEU224,1,1
1987,NEU225,NEU184,1,1
1988,NEU185,NEU186,1,1
1989,NEU185,NEU189,1,1
1990,NEU185,NEU191,1,1
1991,NEU185,NEU195,1,1
1992,NEU185,NEU202,2,1
1993,NEU185,NEU213,2,1
1994,NEU185,NEU223,2,1
1995,NEU185,NEU226,2,1
1996,NEU226,NEU185,1,1
1997,NEU189,NEU186,1,1
1998,NEU186,NEU191,7,1
1999,NEU191,NEU186,1,1
2000,NEU226,NEU186,1,1
2001,NEU236,NEU186,3,1
2002,NEU237,NEU186,4,1
2003,NEU188,NEU187,1,1
2004,NEU187,NEU190,1,1
2005,NEU190,NEU187,6,1
2006,NEU225,NEU187,1,1
2007,NEU231,NEU187,1,1
2008,NEU187,NEU235,1,1
2009,NEU235,NEU187,1,1
2010,NEU238,NEU187,6,1
2011,NEU188,NEU189,3,1
2012,NEU189,NEU188,1,1
2013,NEU188,NEU194,1,1
2014,NEU188,NEU196,1,1
2015,NEU197,NEU188,2,1
2016,NEU198,NEU188,1,1
2017,NEU199,NEU188,4,1
2018,NEU232,NEU188,1,1
2019,NEU196,NEU189,3,1
2020,NEU198,NEU189,1,1
2021,NEU199,NEU189,2,1
2022,NEU200,NEU189,1,1
2023,NEU232,NEU189,1,1
2024,NEU234,NEU189,1,1
2025,NEU198,NEU190,3,1
2026,NEU230,NEU190,1,1
2027,NEU235,NEU190,2,1
2028,NEU238,NEU190,1,1
2029,NEU199,NEU191,5,1
2030,NEU191,NEU216,1,1
2031,NEU191,NEU218,1,1
2032,NEU228,NEU191,1,1
2033,NEU236,NEU191,1,1
2034,NEU237,NEU191,2,1
2035,NEU219,NEU192,3,1
2036,NEU220,NEU192,4,1
2037,NEU228,NEU192,1,1
2038,NEU227,NEU193,1,1
2039,NEU229,NEU193,1,1
2040,NEU201,NEU194,1,1
2041,NEU228,NEU194,1,1
2042,NEU229,NEU194,1,1
2043,NEU230,NEU194,2,1
2044,NEU221,NEU195,1,1
2045,NEU222,NEU195,3,1
2046,NEU195,NEU224,1,1
2047,NEU229,NEU195,2,1
2048,NEU230,NEU195,2,1
2049,NEU196,NEU199,1,1
2050,NEU203,NEU196,1,1
2051,NEU209,NEU196,1,1
2052,NEU251,NEU196,2,1
2053,NEU204,NEU197,2,1
2054,NEU198,NEU201,1,1
2055,NEU201,NEU198,1,1
2056,NEU203,NEU198,1,1
2057,NEU198,NEU213,1,1
2058,NEU198,NEU217,2,1
2059,NEU198,NEU218,1,1
2060,NEU198,NEU221,1,1
2061,NEU198,NEU233,1,1
2062,NEU233,NEU198,2,1
2063,NEU202,NEU199,1,1
2064,NEU199,NEU234,1,1
2065,NEU234,NEU199,1,1
2066,NEU210,NEU200,2,1
2067,NEU210,NEU201,1,1
2068,NEU221,NEU202,3,1
2069,NEU251,NEU202,7,1
2070,NEU222,NEU203,4,1
2071,NEU251,NEU203,2,1
2072,NEU220,NEU204,3,1
2073,NEU204,NEU224,8,1
2074,NEU219,NEU205,1,1
2075,NEU205,NEU223,6,1
2076,NEU206,NEU240,1,1
2077,NEU251,NEU206,1,1
2078,NEU231,NEU213,1,1
2079,NEU232,NEU214,2,1
2080,NEU234,NEU214,1,1
2081,NEU238,NEU216,1,1
2082,NEU238,NEU217,1,1
2083,NEU237,NEU218,1,1
2084,NEU232,NEU219,1,1
2085,NEU231,NEU220,1,1
2086,NEU223,NEU226,2,1
2087,NEU226,NEU223,2,1
2088,NEU235,NEU223,1,1
2089,NEU236,NEU223,3,1
2090,NEU225,NEU224,4,1
2091,NEU235,NEU224,1,1
2092,NEU238,NEU225,3,1
2093,NEU237,NEU226,1,1
2094,NEU228,NEU236,1,1
2095,NEU231,NEU233,2,1
2096,NEU266,NEU231,3,1
2097,NEU232,NEU234,2,1
2098,NEU251,NEU239,3,1
2099,NEU239,NEU267,2,1
2100,NEU267,NEU239,2,1
2101,NEU240,NEU241,1,1
2102,NEU240,NEU251,2,1
2103,NEU252,NEU240,1,1
2104,NEU240,NEU267,2,1
2105,NEU240,NEU268,8,1
2106,NEU268,NEU240,6,1
2107,NEU241,NEU242,1,1
2108,NEU251,NEU241,1,1
2109,NEU241,NEU268,3,1
2110,NEU241,NEU269,3,1
2111,NEU269,NEU241,2,1
2112,NEU242,NEU253,1,1
2113,NEU253,NEU242,1,1
2114,NEU242,NEU270,3,1
2115,NEU243,NEU271,2,1
2116,NEU271,NEU243,2,1
2117,NEU244,NEU255,2,1
2118,NEU244,NEU271,1,1
2119,NEU244,NEU272,2,1
2120,NEU272,NEU244,1,1
2121,NEU245,NEU273,9,1
2122,NEU246,NEU247,1,1
2123,NEU246,NEU256,1,1
2124,NEU256,NEU246,1,1
2125,NEU246,NEU258,1,1
2126,NEU246,NEU273,5,1
2127,NEU246,NEU274,3,1
2128,NEU274,NEU246,4,1
2129,NEU247,NEU258,4,1
2130,NEU258,NEU247,9,1
2131,NEU247,NEU275,9,1
2132,NEU250,NEU249,1,1
2133,NEU249,NEU260,1,1
2134,NEU277,NEU249,1,1
2135,NEU249,NEU278,1,1
2136,NEU278,NEU249,3,1
2137,NEU261,NEU250,1,1
2138,NEU250,NEU278,3,1
2139,NEU278,NEU250,2,1
2140,NEU250,NEU279,2,1
2141,NEU279,NEU250,1,1
2142,NEU251,NEU267,3,1
2143,NEU251,NEU268,1,1
2144,NEU252,NEU263,1,1
2145,NEU252,NEU268,9,1
2146,NEU268,NEU252,3,1
2147,NEU252,NEU269,3,1
2148,NEU269,NEU252,2,1
2149,NEU271,NEU254,2,1
2150,NEU255,NEU272,1,1
2151,NEU272,NEU255,2,1
2152,NEU256,NEU257,1,1
2153,NEU256,NEU272,1,1
2154,NEU256,NEU273,8,1
2155,NEU258,NEU259,1,1
2156,NEU259,NEU258,1,1
2157,NEU258,NEU275,5,1
2158,NEU258,NEU276,1,1
2159,NEU259,NEU276,4,1
2160,NEU276,NEU259,2,1
2161,NEU260,NEU277,1,1
2162,NEU277,NEU260,1,1
2163,NEU260,NEU278,2,1
2164,NEU278,NEU260,1,1
2165,NEU278,NEU261,1,1
2166,NEU262,NEU263,3,1
2167,NEU263,NEU262,4,1
2168,NEU262,NEU264,1,1
2169,NEU264,NEU262,2,1
2170,NEU265,NEU262,1,1
2171,NEU262,NEU267,1,1
2172,NEU262,NEU268,1,1
2173,NEU262,NEU269,1,1
2174,NEU262,NEU270,2,1
2175,NEU262,NEU271,2,1
2176,NEU262,NEU272,1,1
2177,NEU263,NEU264,4,1
2178,NEU264,NEU263,1,1
2179,NEU263,NEU267,2,1
2180,NEU263,NEU268,1,1
2181,NEU263,NEU270,1,1
2182,NEU263,NEU271,5,1
2183,NEU263,NEU272,1,1
2184,NEU265,NEU264,4,1
2185,NEU266,NEU264,1,1
2186,NEU264,NEU267,1,1
2187,NEU264,NEU268,1,1
2188,NEU264,NEU269,1,1
2189,NEU264,NEU270,2,1
2190,NEU264,NEU271,3,1
2191,NEU264,NEU272,3,1
2192,NEU264,NEU273,5,1
2193,NEU265,NEU266,1,1
2194,NEU266,NEU265,1,1
